{"cameraMode":{"drawMode":0,"name":"Shaded","section":"Shading Mode"},"sceneLighting":false,"audioPlay":false,"sceneViewState":{"m_AlwaysRefresh":false,"showFog":true,"showSkybox":false,"showFlares":true,"showImageEffects":true,"showParticleSystems":true,"showVisualEffectGraphs":true,"m_FxEnabled":true},"in2DMode":false,"pivot":{"x":-0.022027045488357545,"y":3.07073974609375,"z":-0.01647191122174263},"rotation":{"x":0.07187383621931076,"y":-0.041287343949079517,"z":-0.002970346249639988,"w":-0.9965292811393738},"size":0.1738719940185547,"orthographic":false}