{"cameraMode":{"drawMode":0,"name":"Shaded","section":"Shading Mode"},"sceneLighting":false,"audioPlay":false,"sceneViewState":{"m_AlwaysRefresh":false,"showFog":true,"showSkybox":false,"showFlares":true,"showImageEffects":true,"showParticleSystems":true,"showVisualEffectGraphs":true,"m_FxEnabled":true},"in2DMode":false,"pivot":{"x":0.4178759455680847,"y":0.5227146148681641,"z":0.31903985142707827},"rotation":{"x":0.1342475265264511,"y":-0.0706886574625969,"z":0.009600423276424408,"w":0.9883791208267212},"size":0.13163162767887116,"orthographic":true}