{"cameraMode":{"drawMode":0,"name":"Shaded","section":"Shading Mode"},"sceneLighting":false,"audioPlay":false,"sceneViewState":{"m_AlwaysRefresh":false,"showFog":true,"showSkybox":false,"showFlares":true,"showImageEffects":true,"showParticleSystems":true,"showVisualEffectGraphs":true,"m_FxEnabled":true},"in2DMode":false,"pivot":{"x":0.676673412322998,"y":0.5227146148681641,"z":0.31903985142707827},"rotation":{"x":0.05695859715342522,"y":0.019467370584607126,"z":-0.0011161868460476399,"w":0.9981974959373474},"size":0.13163162767887116,"orthographic":true}