{"cameraMode":{"drawMode":0,"name":"Shaded","section":"Shading Mode"},"sceneLighting":true,"audioPlay":false,"sceneViewState":{"m_AlwaysRefresh":false,"showFog":true,"showSkybox":true,"showFlares":true,"showImageEffects":true,"showParticleSystems":true,"showVisualEffectGraphs":true,"m_FxEnabled":true},"in2DMode":false,"pivot":{"x":0.09723174571990967,"y":1.538832664489746,"z":0.34872642159461977},"rotation":{"x":0.10968794673681259,"y":-0.6861546635627747,"z":0.10580854117870331,"w":0.7113116383552551},"size":0.5481420755386353,"orthographic":true}