{"cameraMode":{"drawMode":0,"name":"Shaded","section":"Shading Mode"},"sceneLighting":true,"audioPlay":false,"sceneViewState":{"m_AlwaysRefresh":false,"showFog":true,"showSkybox":true,"showFlares":true,"showImageEffects":true,"showParticleSystems":true,"showVisualEffectGraphs":true,"m_FxEnabled":true},"in2DMode":false,"pivot":{"x":0.14166691899299622,"y":1.3438565731048585,"z":0.9538966417312622},"rotation":{"x":0.03861359506845474,"y":-0.9513347148895264,"z":0.1335788518190384,"w":0.2750013470649719},"size":1.0057674646377564,"orthographic":true}