{"cameraMode":{"drawMode":0,"name":"Shaded","section":"Shading Mode"},"sceneLighting":true,"audioPlay":false,"sceneViewState":{"m_AlwaysRefresh":false,"showFog":true,"showSkybox":true,"showFlares":true,"showImageEffects":true,"showParticleSystems":true,"showVisualEffectGraphs":true,"m_FxEnabled":true},"in2DMode":false,"pivot":{"x":0.01565837860107422,"y":1.6969608068466187,"z":-0.6697427034378052},"rotation":{"x":0.22553028166294099,"y":-0.43340107798576357,"z":0.11297652870416641,"w":0.8651778697967529},"size":1.2381396293640137,"orthographic":true}