{"cameraMode":{"drawMode":0,"name":"Shaded","section":"Shading Mode"},"sceneLighting":true,"audioPlay":false,"sceneViewState":{"m_AlwaysRefresh":false,"showFog":true,"showSkybox":true,"showFlares":true,"showImageEffects":true,"showParticleSystems":true,"showVisualEffectGraphs":true,"m_FxEnabled":true},"in2DMode":false,"pivot":{"x":0.09469413012266159,"y":1.6806092262268067,"z":-0.5370450019836426},"rotation":{"x":-0.023829981684684755,"y":0.47008398175239565,"z":-0.012687080539762974,"w":-0.882180392742157},"size":1.2540030479431153,"orthographic":false}