{"cameraMode":{"drawMode":0,"name":"Shaded","section":"Shading Mode"},"sceneLighting":true,"audioPlay":false,"sceneViewState":{"m_AlwaysRefresh":false,"showFog":true,"showSkybox":true,"showFlares":true,"showImageEffects":true,"showParticleSystems":true,"showVisualEffectGraphs":true,"m_FxEnabled":true},"in2DMode":false,"pivot":{"x":0.17451554536819459,"y":1.371078372001648,"z":-0.42922064661979678},"rotation":{"x":0.14794792234897614,"y":-0.009789166040718556,"z":0.0014645642368122936,"w":0.9889473915100098},"size":0.2813853919506073,"orthographic":true}