{"cameraMode":{"drawMode":0,"name":"Shaded","section":"Shading Mode"},"sceneLighting":true,"audioPlay":false,"sceneViewState":{"m_AlwaysRefresh":false,"showFog":true,"showSkybox":true,"showFlares":true,"showImageEffects":true,"showParticleSystems":true,"showVisualEffectGraphs":true,"m_FxEnabled":true},"in2DMode":false,"pivot":{"x":0.5978058576583862,"y":1.180161714553833,"z":-0.2838599681854248},"rotation":{"x":0.1572897732257843,"y":-0.39440780878067019,"z":0.06871838867664337,"w":0.9027629494667053},"size":0.8047282099723816,"orthographic":true}